date,source,title,address,borough,developers,url
2026-01-16,DOB NOW: Build – Approved Permits,Structural,NOSTRAND AVENUE,BROOKLYN,Nostrand Avenue Associates Holdings,https://data.cityofnewyork.us/resource/rbx6-tga4.json
2026-01-16,DOB NOW: Build – Approved Permits,Foundation,CONSELYEA STREET,BROOKLYN,COMPAS CONSTRUCTION OF NY CO INC.,https://data.cityofnewyork.us/resource/rbx6-tga4.json
2026-01-16,DOB NOW: Build – Approved Permits,General Construction,READS LANE,QUEENS,PR,https://data.cityofnewyork.us/resource/rbx6-tga4.json
2026-01-16,DOB NOW: Build – Approved Permits,General Construction,GRAND CONCOURSE,BRONX,BESYATA INVESTMENT GROUP,https://data.cityofnewyork.us/resource/rbx6-tga4.json
2026-01-16,DOB NOW: Build – Approved Permits,Foundation,BEACH   45 STREET,QUEENS,19 BARBEY LLC,https://data.cityofnewyork.us/resource/rbx6-tga4.json
2026-01-16,DOB NOW: Build – Approved Permits,Foundation,JACKSON STREET,BROOKLYN,EILAT REALTY CORP,https://data.cityofnewyork.us/resource/rbx6-tga4.json
2026-01-16,DOB NOW: Build – Approved Permits,General Construction,VANDALIA AVENUE,BROOKLYN,NYCHA,https://data.cityofnewyork.us/resource/rbx6-tga4.json
2026-01-16,DOB NOW: Build – Approved Permits,Structural,PRESIDENT STREET,BROOKLYN,PR,https://data.cityofnewyork.us/resource/rbx6-tga4.json
2026-01-16,DOB NOW: Build – Approved Permits,Construction Fence,EAST 2 STREET,BROOKLYN,ACHS MANAGMENT,https://data.cityofnewyork.us/resource/rbx6-tga4.json
2026-01-16,DOB NOW: Build – Approved Permits,General Construction,267 STREET,QUEENS,Not Applicable,https://data.cityofnewyork.us/resource/rbx6-tga4.json
2026-01-16,DOB NOW: Build – Approved Permits,General Construction,68 AVENUE,QUEENS,PR,https://data.cityofnewyork.us/resource/rbx6-tga4.json
2026-01-16,DOB NOW: Build – Approved Permits,General Construction,TURNBULL AVENUE,BRONX,URBAN EDGE PROPERTIES,https://data.cityofnewyork.us/resource/rbx6-tga4.json
2026-01-16,DOB NOW: Build – Approved Permits,General Construction,BROADWAY,MANHATTAN,Grace Church In New York,https://data.cityofnewyork.us/resource/rbx6-tga4.json
2026-01-16,DOB NOW: Build – Approved Permits,Foundation,EAST   10 STREET,MANHATTAN,BLUE WINTER LLC,https://data.cityofnewyork.us/resource/rbx6-tga4.json
2026-01-16,DOB NOW: Build – Approved Permits,General Construction,41 STREET,QUEENS,SHOWCASE DESIGNS CORP,https://data.cityofnewyork.us/resource/rbx6-tga4.json
2026-01-16,DOB NOW: Build – Approved Permits,Construction Fence,25 STREET,BROOKLYN,224 25th street RLT,https://data.cityofnewyork.us/resource/rbx6-tga4.json
2026-01-16,DOB NOW: Build – Approved Permits,General Construction,7 AVENUE,BROOKLYN,PR,https://data.cityofnewyork.us/resource/rbx6-tga4.json
2026-01-16,DOB NOW: Build – Approved Permits,General Construction,FARMERS BOULEVARD,QUEENS,N/A,https://data.cityofnewyork.us/resource/rbx6-tga4.json
2026-01-16,DOB NOW: Build – Approved Permits,General Construction,40 AVENUE,QUEENS,PR,https://data.cityofnewyork.us/resource/rbx6-tga4.json
2026-01-16,DOB NOW: Build – Approved Permits,General Construction,PERRY AVENUE,BRONX,ZAGREDA,https://data.cityofnewyork.us/resource/rbx6-tga4.json
2026-01-16,DOB NOW: Build – Approved Permits,General Construction,STEINWAY STREET,QUEENS,ASTORIA  STEINWAY LLC,https://data.cityofnewyork.us/resource/rbx6-tga4.json
2026-01-16,DOB NOW: Build – Approved Permits,Structural,214 PLACE,QUEENS,N/A,https://data.cityofnewyork.us/resource/rbx6-tga4.json
2026-01-16,DOB NOW: Build – Approved Permits,Foundation,ST RAYMOND AVENUE,BRONX,135-223 STREET LLC,https://data.cityofnewyork.us/resource/rbx6-tga4.json
2026-01-16,DOB NOW: Build – Approved Permits,Foundation,MYRTLE AVENUE,BROOKLYN,EMPIRE MANAGEMENT & CONST,https://data.cityofnewyork.us/resource/rbx6-tga4.json
2026-01-16,DOB NOW: Build – Approved Permits,General Construction,BERRY STREET,BROOKLYN,TRITON REALTY GROUP LLC,https://data.cityofnewyork.us/resource/rbx6-tga4.json
2026-01-16,DOB NOW: Build – Approved Permits,Foundation,220 PLACE,QUEENS,135-223 STREET LLC,https://data.cityofnewyork.us/resource/rbx6-tga4.json
2026-01-16,DOB NOW: Build – Approved Permits,General Construction,STATE STREET,BROOKLYN,VADEM BRODSKY,https://data.cityofnewyork.us/resource/rbx6-tga4.json
2026-01-16,DOB NOW: Build – Approved Permits,General Construction,LINWOOD STREET,BROOKLYN,SHS PELHAM,https://data.cityofnewyork.us/resource/rbx6-tga4.json
2026-01-16,DOB NOW: Build – Approved Permits,General Construction,GARDEN STREET,BRONX,PR,https://data.cityofnewyork.us/resource/rbx6-tga4.json
2026-01-16,DOB NOW: Build – Approved Permits,General Construction,IRVING PLACE,MANHATTAN,"AKAM ASSOCIATES, INC.",https://data.cityofnewyork.us/resource/rbx6-tga4.json
2026-01-16,DOB NOW: Build – Approved Permits,General Construction,EAST   22 STREET,BROOKLYN,HAGER MANAGEMENT,https://data.cityofnewyork.us/resource/rbx6-tga4.json
2026-01-16,DOB NOW: Build – Approved Permits,General Construction,EAST  233 STREET,BRONX,ANTENUCCI MECHANICAL INC,https://data.cityofnewyork.us/resource/rbx6-tga4.json
2026-01-16,DOB NOW: Build – Approved Permits,General Construction,WEST   75 STREET,MANHATTAN,MARBROSE REALTY INC,https://data.cityofnewyork.us/resource/rbx6-tga4.json
2026-01-16,DOB NOW: Build – Approved Permits,Structural,195 STREET,QUEENS,135-223 STREET LLC,https://data.cityofnewyork.us/resource/rbx6-tga4.json
2026-01-16,DOB NOW: Build – Approved Permits,Construction Fence,CEDARCLIFF ROAD,STATEN ISLAND,KSG ASSOCIATES LLC,https://data.cityofnewyork.us/resource/rbx6-tga4.json
2026-01-16,DOB NOW: Build – Approved Permits,General Construction,2 AVENUE,MANHATTAN,885 SECOND AVENUE LESSEE LLC,https://data.cityofnewyork.us/resource/rbx6-tga4.json
2026-01-16,DOB NOW: Build – Approved Permits,Structural,UNION TURNPIKE,QUEENS,PR,https://data.cityofnewyork.us/resource/rbx6-tga4.json
2026-01-16,DOB NOW: Build – Approved Permits,General Construction,2 PLACE,BROOKLYN,Not Applicable,https://data.cityofnewyork.us/resource/rbx6-tga4.json
2026-01-16,DOB NOW: Build – Approved Permits,General Construction,BROOME STREET,MANHATTAN,GRAND STREET GUILD EAST HDFC,https://data.cityofnewyork.us/resource/rbx6-tga4.json
2026-01-16,DOB NOW: Build – Approved Permits,General Construction,WEST   81 STREET,MANHATTAN,RUDIN MANAGEMENT ENGINEERING,https://data.cityofnewyork.us/resource/rbx6-tga4.json
2026-01-16,DOB NOW: Build – Approved Permits,Structural,EAST   21 STREET,BROOKLYN,N/A,https://data.cityofnewyork.us/resource/rbx6-tga4.json
2026-01-16,DOB NOW: Build – Approved Permits,General Construction,WEST   63 STREET,MANHATTAN,PR,https://data.cityofnewyork.us/resource/rbx6-tga4.json
2026-01-16,DOB NOW: Build – Approved Permits,General Construction,FENIMORE STREET,BROOKLYN,PR,https://data.cityofnewyork.us/resource/rbx6-tga4.json
2026-01-16,DOB NOW: Build – Approved Permits,General Construction,VILLAGE LANE,QUEENS,MOTT CENTER LLC,https://data.cityofnewyork.us/resource/rbx6-tga4.json
2026-01-16,DOB NOW: Build – Approved Permits,General Construction,CONEY ISLAND AVENUE,BROOKLYN,AA & ZA Construction Corp,https://data.cityofnewyork.us/resource/rbx6-tga4.json
2026-01-16,DOB NOW: Build – Approved Permits,Structural,EASTCHESTER ROAD,BRONX,PR,https://data.cityofnewyork.us/resource/rbx6-tga4.json
2026-01-16,DOB NOW: Build – Approved Permits,Structural,ROCKAWAY BOULEVARD,QUEENS,PROLOGIS,https://data.cityofnewyork.us/resource/rbx6-tga4.json
2026-01-16,DOB NOW: Build – Approved Permits,Structural,144 AVENUE,QUEENS,135-223 STREET LLC,https://data.cityofnewyork.us/resource/rbx6-tga4.json
2026-01-16,DOB NOW: Build – Approved Permits,Foundation,69 ROAD,QUEENS,Not Applicable,https://data.cityofnewyork.us/resource/rbx6-tga4.json
2026-01-16,DOB NOW: Build – Approved Permits,General Construction,EAST  229 STREET,BRONX,CSA PRESERVATION PARTNERS LLC,https://data.cityofnewyork.us/resource/rbx6-tga4.json
2026-01-16,DOB NOW: Build – Approved Permits,Structural,FRANKLIN STREET,MANHATTAN,BROOKLYN WATERFRONT GROUP LLC,https://data.cityofnewyork.us/resource/rbx6-tga4.json
2026-01-16,DOB NOW: Build – Approved Permits,General Construction,DE LAVALL AVENUE,BRONX,NINEDOT ENERGY,https://data.cityofnewyork.us/resource/rbx6-tga4.json
2026-01-16,DOB NOW: Build – Approved Permits,General Construction,EAST   83 STREET,MANHATTAN,"DAVID TURNER ARCHITECT, P.C",https://data.cityofnewyork.us/resource/rbx6-tga4.json
2026-01-16,DOB NOW: Build – Approved Permits,General Construction,EAST GUN HILL ROAD,BRONX,UNITED CAPITAL CORP.,https://data.cityofnewyork.us/resource/rbx6-tga4.json
2026-01-16,DOB NOW: Build – Approved Permits,General Construction,EAST   66 STREET,MANHATTAN,RUDD REALTY MGMT CORP.,https://data.cityofnewyork.us/resource/rbx6-tga4.json
2026-01-16,DOB NOW: Build – Approved Permits,Structural,MERCER STREET,MANHATTAN,PR,https://data.cityofnewyork.us/resource/rbx6-tga4.json
2026-01-16,DOB NOW: Build – Approved Permits,General Construction,159 STREET,QUEENS,Not Applicable,https://data.cityofnewyork.us/resource/rbx6-tga4.json
2026-01-16,DOB NOW: Build – Approved Permits,General Construction,FRANKLIN STREET,MANHATTAN,BROOKLYN WATERFRONT GROUP LLC,https://data.cityofnewyork.us/resource/rbx6-tga4.json
2026-01-16,DOB NOW: Build – Approved Permits,General Construction,BAYRIDGE PARKWAY,BROOKLYN,PR,https://data.cityofnewyork.us/resource/rbx6-tga4.json
2026-01-16,DOB NOW: Build – Approved Permits,General Construction,5 AVENUE,MANHATTAN,COLLIERS INT.,https://data.cityofnewyork.us/resource/rbx6-tga4.json
2026-01-16,DOB NOW: Build – Approved Permits,General Construction,CORTLANDT STREET,MANHATTAN,MAYORE ESTATES LLC,https://data.cityofnewyork.us/resource/rbx6-tga4.json
2026-01-16,DOB NOW: Build – Approved Permits,General Construction,WESTMORELAND PLACE,QUEENS,GA INDUSTRIES,https://data.cityofnewyork.us/resource/rbx6-tga4.json
2026-01-16,DOB NOW: Build – Approved Permits,General Construction,EAST   76 STREET,MANHATTAN,MULROONEY LAW FIRM PLLC,https://data.cityofnewyork.us/resource/rbx6-tga4.json
2026-01-16,DOB NOW: Build – Approved Permits,General Construction,55 STREET,BROOKLYN,PR,https://data.cityofnewyork.us/resource/rbx6-tga4.json
2026-01-16,DOB NOW: Build – Approved Permits,Foundation,125 AVENUE,QUEENS,155 DEVELOPERS LLC,https://data.cityofnewyork.us/resource/rbx6-tga4.json
2026-01-16,DOB NOW: Build – Approved Permits,General Construction,18 AVENUE,QUEENS,James Marsanico,https://data.cityofnewyork.us/resource/rbx6-tga4.json
2026-01-16,DOB NOW: Build – Approved Permits,General Construction,WEST  128 STREET,MANHATTAN,73 AVE LLC,https://data.cityofnewyork.us/resource/rbx6-tga4.json
2026-01-16,DOB NOW: Build – Approved Permits,General Construction,BEACH   45 STREET,QUEENS,19 BARBEY LLC,https://data.cityofnewyork.us/resource/rbx6-tga4.json
2026-01-16,DOB NOW: Build – Approved Permits,Foundation,MARLBOROUGH ROAD,BROOKLYN,PR,https://data.cityofnewyork.us/resource/rbx6-tga4.json
2026-01-16,DOB NOW: Build – Approved Permits,Foundation,BEACH   32 STREET,QUEENS,19 BARBEY LLC,https://data.cityofnewyork.us/resource/rbx6-tga4.json
2026-01-16,DOB NOW: Build – Approved Permits,Foundation,105 AVENUE,QUEENS,155 DEVELOPERS LLC,https://data.cityofnewyork.us/resource/rbx6-tga4.json
2026-01-16,DOB NOW: Build – Approved Permits,Foundation,OAK STREET,BROOKLYN,Not Applicable,https://data.cityofnewyork.us/resource/rbx6-tga4.json
2026-01-16,DOB NOW: Build – Approved Permits,General Construction,SEVENTH AVENUE,MANHATTAN,PR,https://data.cityofnewyork.us/resource/rbx6-tga4.json
2026-01-16,DOB NOW: Build – Approved Permits,General Construction,7 AVENUE SOUTH,MANHATTAN,HUANG'S HOLDING CORP.,https://data.cityofnewyork.us/resource/rbx6-tga4.json
2026-01-16,DOB NOW: Build – Approved Permits,General Construction,EAST  105 STREET,MANHATTAN,"Hines GS PROPERTIES, LLC",https://data.cityofnewyork.us/resource/rbx6-tga4.json
2026-01-16,DOB NOW: Build – Approved Permits,General Construction,EAST  125 STREET,MANHATTAN,Not Applicable,https://data.cityofnewyork.us/resource/rbx6-tga4.json
2026-01-16,DOB NOW: Build – Approved Permits,General Construction,REEDER STREET,QUEENS,PI CAPITAL,https://data.cityofnewyork.us/resource/rbx6-tga4.json
2026-01-16,DOB NOW: Build – Approved Permits,General Construction,98 STREET,QUEENS,PR,https://data.cityofnewyork.us/resource/rbx6-tga4.json
2026-01-16,DOB NOW: Build – Approved Permits,Foundation,LAUREL HILL BOULEVARD,QUEENS,lage Concrete LLC,https://data.cityofnewyork.us/resource/rbx6-tga4.json
2026-01-16,DOB NOW: Build – Approved Permits,General Construction,WEST   76 STREET,MANHATTAN,PR,https://data.cityofnewyork.us/resource/rbx6-tga4.json
2026-01-16,DOB NOW: Build – Approved Permits,General Construction,VERNON AVENUE,BROOKLYN,Not Applicable,https://data.cityofnewyork.us/resource/rbx6-tga4.json
2026-01-16,DOB NOW: Build – Approved Permits,General Construction,47 STREET,BROOKLYN,PR,https://data.cityofnewyork.us/resource/rbx6-tga4.json
2026-01-16,DOB NOW: Build – Approved Permits,Structural,86 STREET,BROOKLYN,ASG EQUITIES LLC,https://data.cityofnewyork.us/resource/rbx6-tga4.json
2026-01-16,DOB NOW: Build – Approved Permits,General Construction,MANHATTAN AVENUE,BROOKLYN,GOLDBERG GROUP,https://data.cityofnewyork.us/resource/rbx6-tga4.json
2026-01-16,DOB NOW: Build – Approved Permits,Foundation,EASTCHESTER ROAD,BRONX,PR,https://data.cityofnewyork.us/resource/rbx6-tga4.json
2026-01-16,DOB NOW: Build – Approved Permits,General Construction,147 AVENUE,QUEENS,BAYIT KHADASH HOLDINGS LLC,https://data.cityofnewyork.us/resource/rbx6-tga4.json
2026-01-16,DOB NOW: Build – Approved Permits,General Construction,OAK STREET,BROOKLYN,Not Applicable,https://data.cityofnewyork.us/resource/rbx6-tga4.json
2026-01-16,DOB NOW: Build – Approved Permits,General Construction,WEST   55 STREET,MANHATTAN,HEBYAI,https://data.cityofnewyork.us/resource/rbx6-tga4.json
2026-01-16,DOB NOW: Build – Approved Permits,Construction Fence,AMBOY ROAD,STATEN ISLAND,MARK STROUD,https://data.cityofnewyork.us/resource/rbx6-tga4.json
2026-01-16,DOB NOW: Build – Approved Permits,General Construction,90 STREET,QUEENS,N/A,https://data.cityofnewyork.us/resource/rbx6-tga4.json
2026-01-16,DOB NOW: Build – Approved Permits,Full Demolition,DEKAY STREET,STATEN ISLAND,Not Applicable,https://data.cityofnewyork.us/resource/rbx6-tga4.json
2026-01-16,DOB NOW: Build – Approved Permits,General Construction,WASHINGTON SQUARE VILLAGE,MANHATTAN,NEW YORK UNIVERSITY,https://data.cityofnewyork.us/resource/rbx6-tga4.json
2026-01-16,DOB NOW: Build – Approved Permits,General Construction,EAST   68 STREET,MANHATTAN,MFL ARCHITECT PLLC,https://data.cityofnewyork.us/resource/rbx6-tga4.json
2026-01-16,DOB NOW: Build – Approved Permits,Structural,AVENUE OF THE AMERICAS,MANHATTAN,"ROCKEFELLER GROUP, INC.",https://data.cityofnewyork.us/resource/rbx6-tga4.json
2026-01-16,DOB NOW: Build – Approved Permits,Earth Work,WEST  128 STREET,MANHATTAN,73 AVE LLC,https://data.cityofnewyork.us/resource/rbx6-tga4.json
2026-01-16,DOB NOW: Build – Approved Permits,General Construction,BEACH   32 STREET,QUEENS,19 BARBEY LLC,https://data.cityofnewyork.us/resource/rbx6-tga4.json
2026-01-16,DOB NOW: Build – Approved Permits,General Construction,57 AVENUE,QUEENS,"JMDH REAL ESTATES OFFICES, LLC",https://data.cityofnewyork.us/resource/rbx6-tga4.json
2026-01-16,DOB NOW: Build – Approved Permits,Structural,105 AVENUE,QUEENS,155 DEVELOPERS LLC,https://data.cityofnewyork.us/resource/rbx6-tga4.json
2026-01-16,DOB NOW: Build – Approved Permits,Structural,PARK AVENUE,MANHATTAN,Oliver Moses,https://data.cityofnewyork.us/resource/rbx6-tga4.json
2026-01-16,DOB NOW: Build – Approved Permits,General Construction,170 STREET,QUEENS,PR,https://data.cityofnewyork.us/resource/rbx6-tga4.json
2026-01-16,DOB NOW: Build – Approved Permits,Structural,140 STREET,QUEENS,PR,https://data.cityofnewyork.us/resource/rbx6-tga4.json
2026-01-16,DOB NOW: Build – Approved Permits,Structural,24 STREET,QUEENS,PR,https://data.cityofnewyork.us/resource/rbx6-tga4.json
2026-01-16,DOB NOW: Build – Approved Permits,General Construction,LEFFERTS AVENUE,BROOKLYN,PR,https://data.cityofnewyork.us/resource/rbx6-tga4.json
2026-01-16,DOB NOW: Build – Approved Permits,Foundation,170 STREET,QUEENS,PR,https://data.cityofnewyork.us/resource/rbx6-tga4.json
2026-01-16,DOB NOW: Build – Approved Permits,General Construction,COOPER SQUARE,MANHATTAN,PR,https://data.cityofnewyork.us/resource/rbx6-tga4.json
2026-01-16,DOB NOW: Build – Approved Permits,General Construction,MARION AVENUE,BRONX,ELLIOT PLACE ASSOCIATES LLC,https://data.cityofnewyork.us/resource/rbx6-tga4.json
2026-01-16,DOB NOW: Build – Approved Permits,Structural,EAST   10 STREET,MANHATTAN,BLUE WINTER LLC,https://data.cityofnewyork.us/resource/rbx6-tga4.json
2026-01-16,DOB NOW: Build – Approved Permits,General Construction,ESSEX STREET,MANHATTAN,"HOP YICK CO, INC",https://data.cityofnewyork.us/resource/rbx6-tga4.json
2026-01-16,DOB NOW: Build – Approved Permits,General Construction,3 AVENUE,BRONX,PR,https://data.cityofnewyork.us/resource/rbx6-tga4.json
2026-01-16,DOB NOW: Build – Approved Permits,Full Demolition,53 STREET,BROOKLYN,NA,https://data.cityofnewyork.us/resource/rbx6-tga4.json
2026-01-16,DOB NOW: Build – Approved Permits,Structural,33 AVENUE,QUEENS,PR,https://data.cityofnewyork.us/resource/rbx6-tga4.json
2026-01-16,DOB NOW: Build – Approved Permits,Structural,WEST   42 STREET,MANHATTAN,HINES INTERESTS LIMITED PARTNERSHIP,https://data.cityofnewyork.us/resource/rbx6-tga4.json
2026-01-16,DOB NOW: Build – Approved Permits,Foundation,98 STREET,QUEENS,PR,https://data.cityofnewyork.us/resource/rbx6-tga4.json
2026-01-16,DOB NOW: Build – Approved Permits,General Construction,EAST BROADWAY,MANHATTAN,OPTIMUM ASSET MGMT USA,https://data.cityofnewyork.us/resource/rbx6-tga4.json
2026-01-16,DOB NOW: Build – Approved Permits,Structural,192 STREET,QUEENS,PR,https://data.cityofnewyork.us/resource/rbx6-tga4.json
2026-01-16,DOB NOW: Build – Approved Permits,General Construction,MULBERRY STREET,MANHATTAN,SKYWAY RESTORATION,https://data.cityofnewyork.us/resource/rbx6-tga4.json
2026-01-16,DOB NOW: Build – Approved Permits,General Construction,JOHN STREET,MANHATTAN,PR,https://data.cityofnewyork.us/resource/rbx6-tga4.json
2026-01-16,DOB NOW: Build – Approved Permits,General Construction,CORBIN PLACE,BROOKLYN,LJ CASTLE LLC,https://data.cityofnewyork.us/resource/rbx6-tga4.json
2026-01-16,DOB NOW: Build – Approved Permits,General Construction,EAST  116 STREET,MANHATTAN,PLATINUM,https://data.cityofnewyork.us/resource/rbx6-tga4.json
2026-01-16,DOB NOW: Build – Approved Permits,General Construction,EAST   39 STREET,MANHATTAN,GLENWOOD MANAGEMENT CORP.,https://data.cityofnewyork.us/resource/rbx6-tga4.json
2026-01-16,DOB NOW: Build – Approved Permits,Earth Work,GATES AVENUE,BROOKLYN,N/A,https://data.cityofnewyork.us/resource/rbx6-tga4.json
2026-01-16,DOB NOW: Build – Approved Permits,Earth Work,NOSTRAND AVENUE,BROOKLYN,73 AVE LLC,https://data.cityofnewyork.us/resource/rbx6-tga4.json
2026-01-16,DOB NOW: Build – Approved Permits,Foundation,NORTH ELLIOTT PLACE,BROOKLYN,CITISCAPE CONSULTING LTD,https://data.cityofnewyork.us/resource/rbx6-tga4.json
2026-01-16,DOB NOW: Build – Approved Permits,Earth Work,GERRY STREET,BROOKLYN,GALAXY DEVELOPERS LLC,https://data.cityofnewyork.us/resource/rbx6-tga4.json
2026-01-16,DOB NOW: Build – Approved Permits,General Construction,EAST   74 STREET,MANHATTAN,Cindi Korman,https://data.cityofnewyork.us/resource/rbx6-tga4.json
2026-01-16,DOB NOW: Build – Approved Permits,General Construction,WEST  131 STREET,MANHATTAN,NEW YORK STONE,https://data.cityofnewyork.us/resource/rbx6-tga4.json
2026-01-16,DOB NOW: Build – Approved Permits,Structural,LANGSTON AVENUE,QUEENS,"GLEN OAKS VILLAGE OWNERS, INC.",https://data.cityofnewyork.us/resource/rbx6-tga4.json
2026-01-16,DOB NOW: Build – Approved Permits,Structural,57 STREET,BROOKLYN,57TH DEV LLC,https://data.cityofnewyork.us/resource/rbx6-tga4.json
2026-01-16,DOB NOW: Build – Approved Permits,Earth Work,125 AVENUE,QUEENS,155 DEVELOPERS LLC,https://data.cityofnewyork.us/resource/rbx6-tga4.json
2026-01-16,DOB NOW: Build – Approved Permits,General Construction,WOOSTER STREET,MANHATTAN,"DERMER MANAGEMENT, INC.",https://data.cityofnewyork.us/resource/rbx6-tga4.json
2026-01-16,DOB NOW: Build – Approved Permits,General Construction,EAST   46 STREET,MANHATTAN,PR,https://data.cityofnewyork.us/resource/rbx6-tga4.json
2026-01-16,DOB NOW: Build – Approved Permits,General Construction,LUDLOW STREET,MANHATTAN,Not Applicable,https://data.cityofnewyork.us/resource/rbx6-tga4.json
2026-01-16,DOB NOW: Build – Approved Permits,General Construction,PENN PLAZA,MANHATTAN,VORNADO REALTY TRUST,https://data.cityofnewyork.us/resource/rbx6-tga4.json
2026-01-16,DOB NOW: Build – Approved Permits,Foundation,STATE STREET,BROOKLYN,VADEM BRODSKY,https://data.cityofnewyork.us/resource/rbx6-tga4.json
2026-01-16,DOB NOW: Build – Approved Permits,General Construction,THIRD AVENUE,BRONX,NYCHA,https://data.cityofnewyork.us/resource/rbx6-tga4.json
2026-01-16,DOB NOW: Build – Approved Permits,Structural,FIFTH AVENUE,MANHATTAN,PR,https://data.cityofnewyork.us/resource/rbx6-tga4.json
2026-01-16,DOB NOW: Build – Approved Permits,Full Demolition,61 STREET,BROOKLYN,Lionstone Developers LLC,https://data.cityofnewyork.us/resource/rbx6-tga4.json
2026-01-16,DOB NOW: Build – Approved Permits,General Construction,HUDSON STREET,MANHATTAN,PR,https://data.cityofnewyork.us/resource/rbx6-tga4.json
2026-01-16,DOB NOW: Build – Approved Permits,General Construction,EAST   65 STREET,MANHATTAN,FIRSTSERVICE RESIDENTIAL,https://data.cityofnewyork.us/resource/rbx6-tga4.json
2026-01-16,DOB NOW: Build – Approved Permits,General Construction,JEFFERSON AVENUE,BROOKLYN,Not Applicable,https://data.cityofnewyork.us/resource/rbx6-tga4.json
2026-01-16,DOB NOW: Build – Approved Permits,General Construction,VERNON BOULEVARD,QUEENS,"ADC CONSTRUCTION, LLC",https://data.cityofnewyork.us/resource/rbx6-tga4.json
2026-01-16,DOB NOW: Build – Approved Permits,General Construction,WASHINGTON PLACE,MANHATTAN,NEW YORK UNIVERSITY,https://data.cityofnewyork.us/resource/rbx6-tga4.json
2026-01-16,DOB NOW: Build – Approved Permits,General Construction,EAST   30 STREET,MANHATTAN,"AKAM ASSOCIATES, INC.",https://data.cityofnewyork.us/resource/rbx6-tga4.json
2026-01-16,DOB NOW: Build – Approved Permits,General Construction,MORTON STREET,MANHATTAN,BUCHBINDER & WARREN LLC,https://data.cityofnewyork.us/resource/rbx6-tga4.json
2026-01-16,DOB NOW: Build – Approved Permits,General Construction,SCHENECTADY AVENUE,BROOKLYN,Not Applicable,https://data.cityofnewyork.us/resource/rbx6-tga4.json
2026-01-16,DOB NOW: Build – Approved Permits,General Construction,EAST TREMONT AVENUE,BRONX,MICHAEL TORRES,https://data.cityofnewyork.us/resource/rbx6-tga4.json
2026-01-16,DOB NOW: Build – Approved Permits,Structural,RALPH AVENUE,BROOKLYN,NEW YORK CITY HOUSING AUTHORITY,https://data.cityofnewyork.us/resource/rbx6-tga4.json
2026-01-16,DOB NOW: Build – Approved Permits,Structural,56 AVENUE,QUEENS,DASNY,https://data.cityofnewyork.us/resource/rbx6-tga4.json
2026-01-16,DOB NOW: Build – Approved Permits,Structural,WEST  128 STREET,MANHATTAN,73 AVE LLC,https://data.cityofnewyork.us/resource/rbx6-tga4.json
2026-01-16,DOB NOW: Build – Approved Permits,General Construction,EAST  226 STREET,BRONX,Not Applicable,https://data.cityofnewyork.us/resource/rbx6-tga4.json
2026-01-16,DOB NOW: Build – Approved Permits,Construction Fence,NAUGHTON AVENUE,STATEN ISLAND,MIDLAND BEACH YARD LLC,https://data.cityofnewyork.us/resource/rbx6-tga4.json
2026-01-16,DOB NOW: Build – Approved Permits,General Construction,135 AVENUE,QUEENS,135-223 STREET LLC,https://data.cityofnewyork.us/resource/rbx6-tga4.json
2026-01-16,DOB NOW: Build – Approved Permits,General Construction,FROST STREET,BROOKLYN,COMPAS CONSTRUCTION OF NY CO INC.,https://data.cityofnewyork.us/resource/rbx6-tga4.json
2026-01-16,DOB NOW: Build – Approved Permits,General Construction,SCHIEFFELIN AVENUE,BRONX,NEW YORK CITY HOUSING AUTHORITY,https://data.cityofnewyork.us/resource/rbx6-tga4.json
2026-01-16,DOB NOW: Build – Approved Permits,General Construction,EAST 2 STREET,BROOKLYN,ACHS MANAGMENT,https://data.cityofnewyork.us/resource/rbx6-tga4.json
2026-01-16,DOB NOW: Build – Approved Permits,Earth Work,SUMMIT STREET,BROOKLYN,VADEM BRODSKY,https://data.cityofnewyork.us/resource/rbx6-tga4.json
2026-01-16,DOB NOW: Build – Approved Permits,General Construction,GRANTWOOD AVENUE,STATEN ISLAND,Not Applicable,https://data.cityofnewyork.us/resource/rbx6-tga4.json
2026-01-16,DOB NOW: Build – Approved Permits,Structural,15 STREET,BROOKLYN,GEORGE LAU,https://data.cityofnewyork.us/resource/rbx6-tga4.json
2026-01-16,DOB NOW: Build – Approved Permits,Support of Excavation,CONSELYEA STREET,BROOKLYN,COMPAS CONSTRUCTION OF NY CO INC.,https://data.cityofnewyork.us/resource/rbx6-tga4.json
2026-01-16,DOB NOW: Build – Approved Permits,Foundation,EAST  143 STREET,BRONX,KINGSLAND PROPERTIES,https://data.cityofnewyork.us/resource/rbx6-tga4.json
2026-01-16,DOB NOW: Build – Approved Permits,General Construction,WEST  141 STREET,MANHATTAN,NYC HPD,https://data.cityofnewyork.us/resource/rbx6-tga4.json
2026-01-16,DOB NOW: Build – Approved Permits,Structural,69 ROAD,QUEENS,Not Applicable,https://data.cityofnewyork.us/resource/rbx6-tga4.json
2026-01-16,DOB NOW: Build – Approved Permits,Earth Work,MYRTLE AVENUE,BROOKLYN,EMPIRE MANAGEMENT & CONST,https://data.cityofnewyork.us/resource/rbx6-tga4.json
2026-01-16,DOB NOW: Build – Approved Permits,General Construction,105 AVENUE,QUEENS,155 DEVELOPERS LLC,https://data.cityofnewyork.us/resource/rbx6-tga4.json
2026-01-16,DOB NOW: Build – Approved Permits,General Construction,EAST   69 STREET,MANHATTAN,PR,https://data.cityofnewyork.us/resource/rbx6-tga4.json
2026-01-16,DOB NOW: Build – Approved Permits,General Construction,WEST  108 STREET,MANHATTAN,PR,https://data.cityofnewyork.us/resource/rbx6-tga4.json
2026-01-16,DOB NOW: Build – Approved Permits,Construction Fence,OCEAN AVENUE,QUEENS,"BREEZY POINT COOPERATIVE, INC.",https://data.cityofnewyork.us/resource/rbx6-tga4.json
2026-01-16,DOB NOW: Build – Approved Permits,Earth Work,LIVONIA AVENUE,BROOKLYN,LIVONIA C3 HDFC,https://data.cityofnewyork.us/resource/rbx6-tga4.json
2026-01-16,DOB NOW: Build – Approved Permits,Foundation,EAST   77 STREET,MANHATTAN,15-17 EAST 77TH STREET LLC,https://data.cityofnewyork.us/resource/rbx6-tga4.json
2026-01-16,DOB NOW: Build – Approved Permits,General Construction,89 STREET,QUEENS,Not Applicable,https://data.cityofnewyork.us/resource/rbx6-tga4.json
2026-01-16,DOB NOW: Build – Approved Permits,Foundation,HOMECREST AVENUE,BROOKLYN,PR,https://data.cityofnewyork.us/resource/rbx6-tga4.json
2026-01-16,DOB NOW: Build – Approved Permits,Support of Excavation,POPLAR STREET,BRONX,NOBLE BX ENTERPRISES,https://data.cityofnewyork.us/resource/rbx6-tga4.json
2026-01-16,DOB NOW: Build – Approved Permits,Structural,EAST   74 STREET,MANHATTAN,161 E. 74th Street LLC,https://data.cityofnewyork.us/resource/rbx6-tga4.json
2026-01-16,DOB NOW: Build – Approved Permits,General Construction,TINTON AVENUE,BRONX,PR,https://data.cityofnewyork.us/resource/rbx6-tga4.json
2026-01-16,DOB NOW: Build – Approved Permits,Structural,CENTRAL PARK WEST,MANHATTAN,NEW YORK HISTORICAL SOCIETY,https://data.cityofnewyork.us/resource/rbx6-tga4.json
2026-01-16,DOB NOW: Build – Approved Permits,General Construction,EAST   93 STREET,MANHATTAN,Itamar Futterman,https://data.cityofnewyork.us/resource/rbx6-tga4.json
2026-01-16,DOB NOW: Build – Approved Permits,General Construction,PARK AVENUE,MANHATTAN,DASNY,https://data.cityofnewyork.us/resource/rbx6-tga4.json
2026-01-16,DOB NOW: Build – Approved Permits,General Construction,EAST   67 STREET,MANHATTAN,BHS,https://data.cityofnewyork.us/resource/rbx6-tga4.json
2026-01-16,DOB NOW: Build – Approved Permits,Structural,WHITLOCK AVENUE,BRONX,"RYTY HOME BUILDERS, LLC",https://data.cityofnewyork.us/resource/rbx6-tga4.json
2026-01-16,DOB NOW: Build – Approved Permits,General Construction,WHITE STREET,MANHATTAN,GANIARIS REALTY GROUP,https://data.cityofnewyork.us/resource/rbx6-tga4.json
2026-01-16,DOB NOW: Build – Approved Permits,General Construction,WEST   83 STREET,MANHATTAN,PENN SOUTH CAPITAL MANAGEMENT LLC,https://data.cityofnewyork.us/resource/rbx6-tga4.json
2026-01-16,DOB NOW: Build – Approved Permits,General Construction,AMSTERDAM AVENUE,MANHATTAN,NEW YORK CITY HOUSING AUTHORITY,https://data.cityofnewyork.us/resource/rbx6-tga4.json
2026-01-16,DOB NOW: Build – Approved Permits,Structural,MADISON STREET,BROOKLYN,PR,https://data.cityofnewyork.us/resource/rbx6-tga4.json
2026-01-16,DOB NOW: Build – Approved Permits,General Construction,EAST   60 STREET,MANHATTAN,Lincoln Property Company,https://data.cityofnewyork.us/resource/rbx6-tga4.json
2026-01-16,DOB NOW: Build – Approved Permits,General Construction,SUFFOLK AVENUE,STATEN ISLAND,Not Applicable,https://data.cityofnewyork.us/resource/rbx6-tga4.json
2026-01-16,DOB NOW: Build – Approved Permits,Structural,166 STREET,QUEENS,135-223 STREET LLC,https://data.cityofnewyork.us/resource/rbx6-tga4.json
2026-01-16,DOB NOW: Build – Approved Permits,General Construction,MANHATTAN PLAZA,MANHATTAN,COAST TO COAST PERMITS,https://data.cityofnewyork.us/resource/rbx6-tga4.json
2026-01-16,DOB NOW: Build – Approved Permits,General Construction,76 ROAD,QUEENS,Ariel Realty Holding LLC,https://data.cityofnewyork.us/resource/rbx6-tga4.json
2026-01-16,DOB NOW: Build – Approved Permits,General Construction,EAST    9 STREET,BROOKLYN,PR,https://data.cityofnewyork.us/resource/rbx6-tga4.json
2026-01-16,DOB NOW: Build – Approved Permits,General Construction,LEXINGTON AVENUE,MANHATTAN,"Solil Management, LLC",https://data.cityofnewyork.us/resource/rbx6-tga4.json
2026-01-16,DOB NOW: Build – Approved Permits,Structural,PHILIP AVENUE,STATEN ISLAND,AUGIE AND SON LLC,https://data.cityofnewyork.us/resource/rbx6-tga4.json
2026-01-16,DOB NOW: Build – Approved Permits,Structural,ROSS AVENUE,STATEN ISLAND,LONGIN CERKEVICH,https://data.cityofnewyork.us/resource/rbx6-tga4.json
2026-01-16,DOB NOW: Build – Approved Permits,General Construction,LAGUARDIA PLACE,MANHATTAN,Not Applicable,https://data.cityofnewyork.us/resource/rbx6-tga4.json
2026-01-16,DOB NOW: Build – Approved Permits,Structural,EAST   33 STREET,MANHATTAN,"AKAM ASSOCIATES, INC.",https://data.cityofnewyork.us/resource/rbx6-tga4.json
2026-01-16,DOB NOW: Build – Approved Permits,Full Demolition,ELDER AVENUE,BRONX,PR,https://data.cityofnewyork.us/resource/rbx6-tga4.json
2026-01-16,DOB NOW: Build – Approved Permits,Structural,EAST   38 STREET,MANHATTAN,NYU LANGONE HEALTH,https://data.cityofnewyork.us/resource/rbx6-tga4.json
2026-01-16,DOB NOW: Build – Approved Permits,General Construction,ST RAYMOND AVENUE,BRONX,135-223 STREET LLC,https://data.cityofnewyork.us/resource/rbx6-tga4.json
2026-01-16,DOB NOW: Build – Approved Permits,Foundation,231 STREET,QUEENS,135-223 STREET LLC,https://data.cityofnewyork.us/resource/rbx6-tga4.json
2026-01-16,DOB NOW: Build – Approved Permits,General Construction,RIVERSIDE DRIVE,MANHATTAN,BUCHBINDER & WARREN LLC,https://data.cityofnewyork.us/resource/rbx6-tga4.json
2026-01-16,DOB NOW: Build – Approved Permits,General Construction,FIFTH AVENUE,MANHATTAN,PEGGY SAMSON,https://data.cityofnewyork.us/resource/rbx6-tga4.json
2026-01-16,DOB NOW: Build – Approved Permits,General Construction,CENTRAL PARK WEST,MANHATTAN,TRUMP INTERNATIONAL HOTEL AND TOWER,https://data.cityofnewyork.us/resource/rbx6-tga4.json
2026-01-16,DOB NOW: Build – Approved Permits,Earth Work,192 STREET,QUEENS,PR,https://data.cityofnewyork.us/resource/rbx6-tga4.json
2026-01-16,DOB NOW: Build – Approved Permits,Foundation,LIVONIA AVENUE,BROOKLYN,LIVONIA C3 HDFC,https://data.cityofnewyork.us/resource/rbx6-tga4.json
2026-01-16,DOB NOW: Build – Approved Permits,Foundation,100 AVENUE,QUEENS,135-223 STREET LLC,https://data.cityofnewyork.us/resource/rbx6-tga4.json
2026-01-16,DOB NOW: Build – Approved Permits,Earth Work,HARRISON AVENUE,BROOKLYN,UNITED TALMUDICAL ACADEMY,https://data.cityofnewyork.us/resource/rbx6-tga4.json
2026-01-16,DOB NOW: Build – Approved Permits,General Construction,GREENWICH STREET,MANHATTAN,PR,https://data.cityofnewyork.us/resource/rbx6-tga4.json
2026-01-16,DOB NOW: Build – Approved Permits,Structural,HUDSON STREET,MANHATTAN,PR,https://data.cityofnewyork.us/resource/rbx6-tga4.json
2026-01-16,DOB NOW: Build – Approved Permits,General Construction,BEACH BREEZE LANE,QUEENS,PR,https://data.cityofnewyork.us/resource/rbx6-tga4.json
2026-01-16,DOB NOW: Build – Approved Permits,Foundation,STILLWELL AVENUE,BROOKLYN,N/A,https://data.cityofnewyork.us/resource/rbx6-tga4.json
2026-01-16,DOB NOW: Build – Approved Permits,General Construction,WEST   35 STREET,MANHATTAN,PR,https://data.cityofnewyork.us/resource/rbx6-tga4.json
2026-01-16,DOB NOW: Build – Approved Permits,General Construction,MADISON AVENUE,MANHATTAN,Not Applicable,https://data.cityofnewyork.us/resource/rbx6-tga4.json
2026-01-16,DOB NOW: Build – Approved Permits,General Construction,1 PLACE,BROOKLYN,VADEM BRODSKY,https://data.cityofnewyork.us/resource/rbx6-tga4.json
2026-01-16,DOB NOW: Build – Approved Permits,General Construction,15 STREET,BROOKLYN,"B. MANGREEN DEVELOPMENT, LLC",https://data.cityofnewyork.us/resource/rbx6-tga4.json
2026-01-16,DOB NOW: Build – Approved Permits,Structural,EAST  214 STREET,BRONX,PR,https://data.cityofnewyork.us/resource/rbx6-tga4.json
2026-01-16,DOB NOW: Build – Approved Permits,Foundation,195 STREET,QUEENS,135-223 STREET LLC,https://data.cityofnewyork.us/resource/rbx6-tga4.json
2026-01-16,DOB NOW: Build – Approved Permits,General Construction,RALPH AVENUE,BROOKLYN,ATOMIC CONTRACTING INC.,https://data.cityofnewyork.us/resource/rbx6-tga4.json
2026-01-16,DOB NOW: Build – Approved Permits,Construction Fence,BEDFORD AVENUE,BROOKLYN,Housing Preservation & Development,https://data.cityofnewyork.us/resource/rbx6-tga4.json
2026-01-16,DOB NOW: Build – Approved Permits,General Construction,229 DRIVE SOUTH,BRONX,CSA PRESERVATION PARTNERS LLC,https://data.cityofnewyork.us/resource/rbx6-tga4.json
2026-01-16,DOB NOW: Build – Approved Permits,General Construction,BEACH 116 STREET,QUEENS,MARCAL CONTRACTING,https://data.cityofnewyork.us/resource/rbx6-tga4.json
2026-01-16,DOB NOW: Build – Approved Permits,General Construction,RICHMOND AVENUE,STATEN ISLAND,GGP STATEN ISLAND MALL LLC,https://data.cityofnewyork.us/resource/rbx6-tga4.json
2026-01-16,DOB NOW: Build – Approved Permits,Foundation,UNION STREET,QUEENS,CHEN & CHENG LLC,https://data.cityofnewyork.us/resource/rbx6-tga4.json
2026-01-16,DOB NOW: Build – Approved Permits,Structural,SCHENECTADY AVENUE,BROOKLYN,Not Applicable,https://data.cityofnewyork.us/resource/rbx6-tga4.json
2026-01-16,DOB NOW: Build – Approved Permits,Foundation,WHITLOCK AVENUE,BRONX,"RYTY HOME BUILDERS, LLC",https://data.cityofnewyork.us/resource/rbx6-tga4.json
2026-01-16,DOB NOW: Build – Approved Permits,General Construction,EAST   11 STREET,MANHATTAN,PR,https://data.cityofnewyork.us/resource/rbx6-tga4.json
2026-01-16,DOB NOW: Build – Approved Permits,Structural,17 ROAD,QUEENS,PR,https://data.cityofnewyork.us/resource/rbx6-tga4.json
2026-01-16,DOB NOW: Build – Approved Permits,General Construction,ELDERT STREET,BROOKLYN,Not Applicable,https://data.cityofnewyork.us/resource/rbx6-tga4.json
2026-01-16,DOB NOW: Build – Approved Permits,Structural,SUFFOLK AVENUE,STATEN ISLAND,Not Applicable,https://data.cityofnewyork.us/resource/rbx6-tga4.json
2026-01-16,DOB NOW: Build – Approved Permits,Structural,FLATBUSH AVENUE,BROOKLYN,PR,https://data.cityofnewyork.us/resource/rbx6-tga4.json
2026-01-16,DOB NOW: Build – Approved Permits,Structural,98 STREET,QUEENS,PR,https://data.cityofnewyork.us/resource/rbx6-tga4.json
2026-01-16,DOB NOW: Build – Approved Permits,General Construction,VESEY STREET,MANHATTAN,CBRE,https://data.cityofnewyork.us/resource/rbx6-tga4.json
2026-01-16,DOB NOW: Build – Approved Permits,Structural,NORTH    6 STREET,BROOKLYN,L3 CAPITAL LLC,https://data.cityofnewyork.us/resource/rbx6-tga4.json
2026-01-16,DOB NOW: Build – Approved Permits,General Construction,AVENUE H,BROOKLYN,PR,https://data.cityofnewyork.us/resource/rbx6-tga4.json
2026-01-16,DOB NOW: Build – Approved Permits,General Construction,JAMAICA AVENUE,QUEENS,JAMAICA HOSPITAL,https://data.cityofnewyork.us/resource/rbx6-tga4.json
2026-01-16,DOB NOW: Build – Approved Permits,General Construction,ST NICHOLAS AVENUE,BROOKLYN,Not Applicable,https://data.cityofnewyork.us/resource/rbx6-tga4.json
2026-01-16,DOB NOW: Build – Approved Permits,Foundation,NOSTRAND AVENUE,BROOKLYN,73 AVE LLC,https://data.cityofnewyork.us/resource/rbx6-tga4.json
2026-01-16,DOB NOW: Build – Approved Permits,General Construction,OCEAN AVENUE,BROOKLYN,Not Applicable,https://data.cityofnewyork.us/resource/rbx6-tga4.json
2026-01-16,DOB NOW: Build – Approved Permits,Structural,BOYNTON AVENUE,BRONX,Not Applicable,https://data.cityofnewyork.us/resource/rbx6-tga4.json
2026-01-16,DOB NOW: Build – Approved Permits,Structural,EAST   24 STREET,BROOKLYN,N/A,https://data.cityofnewyork.us/resource/rbx6-tga4.json
2026-01-16,DOB NOW: Build – Approved Permits,General Construction,UNION STREET,QUEENS,CHEN & CHENG LLC,https://data.cityofnewyork.us/resource/rbx6-tga4.json
2026-01-16,DOB NOW: Build – Approved Permits,General Construction,EAST    2 STREET,BROOKLYN,Not Applicable,https://data.cityofnewyork.us/resource/rbx6-tga4.json
2026-01-16,DOB NOW: Build – Approved Permits,General Construction,PENNSYLVANIA AVENUE,BROOKLYN,PR,https://data.cityofnewyork.us/resource/rbx6-tga4.json
2026-01-16,DOB NOW: Build – Approved Permits,Foundation,PUTNAM AVENUE,BROOKLYN,PR,https://data.cityofnewyork.us/resource/rbx6-tga4.json
2026-01-16,DOB NOW: Build – Approved Permits,General Construction,CRESCENT STREET,QUEENS,ROCKROSE DEVELOPMENT,https://data.cityofnewyork.us/resource/rbx6-tga4.json
2026-01-16,DOB NOW: Build – Approved Permits,Structural,PARK AVENUE SOUTH,MANHATTAN,CL INVESTMENT GROUP,https://data.cityofnewyork.us/resource/rbx6-tga4.json
2026-01-16,DOB NOW: Build – Approved Permits,General Construction,SUTTON PLACE SOUTH,MANHATTAN,Melissa Morris,https://data.cityofnewyork.us/resource/rbx6-tga4.json
2026-01-16,DOB NOW: Build – Approved Permits,General Construction,NORTHERN BOULEVARD,QUEENS,PR,https://data.cityofnewyork.us/resource/rbx6-tga4.json
2026-01-16,DOB NOW: Build – Approved Permits,General Construction,214 PLACE,QUEENS,N/A,https://data.cityofnewyork.us/resource/rbx6-tga4.json
2026-01-16,DOB NOW: Build – Approved Permits,Structural,45 AVENUE,QUEENS,PR,https://data.cityofnewyork.us/resource/rbx6-tga4.json
2026-01-16,DOB NOW: Build – Approved Permits,General Construction,NOME AVENUE,STATEN ISLAND,1498 ROCKAWAY REALTY LLC,https://data.cityofnewyork.us/resource/rbx6-tga4.json
2026-01-16,DOB NOW: Build – Approved Permits,General Construction,EAST   62 STREET,MANHATTAN,Halstead Management,https://data.cityofnewyork.us/resource/rbx6-tga4.json
2026-01-16,DOB NOW: Build – Approved Permits,General Construction,CLARKSON AVENUE,BROOKLYN,Geoffrey Gorousingh,https://data.cityofnewyork.us/resource/rbx6-tga4.json
2026-01-16,DOB NOW: Build – Approved Permits,General Construction,HOMECREST AVENUE,BROOKLYN,PR,https://data.cityofnewyork.us/resource/rbx6-tga4.json
2026-01-16,DOB NOW: Build – Approved Permits,General Construction,BRUCKNER BOULEVARD,BRONX,REVEL TRANSIT,https://data.cityofnewyork.us/resource/rbx6-tga4.json
2026-01-16,DOB NOW: Build – Approved Permits,General Construction,ROCKAWAY BOULEVARD,QUEENS,6 MURRAY LLC,https://data.cityofnewyork.us/resource/rbx6-tga4.json
2026-01-16,DOB NOW: Build – Approved Permits,General Construction,WEST   23 STREET,MANHATTAN,First & 73 LLC,https://data.cityofnewyork.us/resource/rbx6-tga4.json
2026-01-16,DOB NOW: Build – Approved Permits,General Construction,BOYNTON AVENUE,BRONX,Not Applicable,https://data.cityofnewyork.us/resource/rbx6-tga4.json
2026-01-16,DOB NOW: Build – Approved Permits,General Construction,1 AVENUE,MANHATTAN,NYU LANGONE HEALTH,https://data.cityofnewyork.us/resource/rbx6-tga4.json
2026-01-16,DOB NOW: Build – Approved Permits,General Construction,EAST   35 STREET,MANHATTAN,PR,https://data.cityofnewyork.us/resource/rbx6-tga4.json
2026-01-16,DOB NOW: Build – Approved Permits,General Construction,EAST   41 STREET,MANHATTAN,Vanguard Investors Ltd,https://data.cityofnewyork.us/resource/rbx6-tga4.json
2026-01-16,DOB NOW: Build – Approved Permits,Structural,179 STREET,QUEENS,BAYVIEW HOMES CORP,https://data.cityofnewyork.us/resource/rbx6-tga4.json
2026-01-16,DOB NOW: Build – Approved Permits,Structural,WALL STREET,MANHATTAN,"GEORGE COMFORT & SONS, INC.",https://data.cityofnewyork.us/resource/rbx6-tga4.json
2026-01-16,DOB NOW: Build – Approved Permits,Structural,BEACH   45 STREET,QUEENS,19 BARBEY LLC,https://data.cityofnewyork.us/resource/rbx6-tga4.json
2026-01-16,DOB NOW: Build – Approved Permits,Construction Fence,127 AVENUE,QUEENS,PR,https://data.cityofnewyork.us/resource/rbx6-tga4.json
2026-01-16,DOB NOW: Build – Approved Permits,General Construction,EASTCHESTER ROAD,BRONX,Calvary Hospital,https://data.cityofnewyork.us/resource/rbx6-tga4.json
2026-01-16,DOB NOW: Build – Approved Permits,General Construction,210 STREET,QUEENS,A-1 TESTING LABORATORIES INC,https://data.cityofnewyork.us/resource/rbx6-tga4.json
2026-01-16,DOB NOW: Build – Approved Permits,General Construction,MADISON STREET,BROOKLYN,PR,https://data.cityofnewyork.us/resource/rbx6-tga4.json
2026-01-16,DOB NOW: Build – Approved Permits,Full Demolition,47 AVENUE,QUEENS,20810 47 AVE LLC,https://data.cityofnewyork.us/resource/rbx6-tga4.json
2026-01-16,DOB NOW: Build – Approved Permits,General Construction,CRESTON AVENUE,BRONX,2683 Creston LLC,https://data.cityofnewyork.us/resource/rbx6-tga4.json
2026-01-16,DOB NOW: Build – Approved Permits,Structural,76 ROAD,QUEENS,Ariel Realty Holding LLC,https://data.cityofnewyork.us/resource/rbx6-tga4.json
2026-01-16,DOB NOW: Build – Approved Permits,General Construction,UNION SQUARE EAST,MANHATTAN,C/O RESOLUTION REAL ESTATE,https://data.cityofnewyork.us/resource/rbx6-tga4.json
2026-01-16,DOB NOW: Build – Approved Permits,Foundation,SUMMIT STREET,BROOKLYN,VADEM BRODSKY,https://data.cityofnewyork.us/resource/rbx6-tga4.json
2026-01-16,DOB NOW: Build – Approved Permits,General Construction,31 AVENUE,QUEENS,N/A,https://data.cityofnewyork.us/resource/rbx6-tga4.json
2026-01-16,DOB NOW: Build – Approved Permits,General Construction,148 AVENUE,QUEENS,135-223 STREET LLC,https://data.cityofnewyork.us/resource/rbx6-tga4.json
2026-01-16,DOB NOW: Build – Approved Permits,General Construction,FOUNTAIN AVENUE,BROOKLYN,PR,https://data.cityofnewyork.us/resource/rbx6-tga4.json
2026-01-16,DOB NOW: Build – Approved Permits,General Construction,FLATBUSH AVENUE,BROOKLYN,PR,https://data.cityofnewyork.us/resource/rbx6-tga4.json
2026-01-16,DOB NOW: Build – Approved Permits,Foundation,ELY AVENUE,BRONX,"RYTY HOME BUILDERS, LLC",https://data.cityofnewyork.us/resource/rbx6-tga4.json
2026-01-16,DOB NOW: Build – Approved Permits,General Construction,VANDERBILT AVENUE,MANHATTAN,MILSTEIN PROPERTIES,https://data.cityofnewyork.us/resource/rbx6-tga4.json
2026-01-16,DOB NOW: Build – Approved Permits,Structural,EAST   90 STREET,MANHATTAN,Orsid New York,https://data.cityofnewyork.us/resource/rbx6-tga4.json
2026-01-16,DOB NOW: Build – Approved Permits,General Construction,WEST   37 STREET,MANHATTAN,SAMCO PROPERTIES,https://data.cityofnewyork.us/resource/rbx6-tga4.json
2026-01-16,DOB NOW: Build – Approved Permits,Foundation,47 STREET,BROOKLYN,PR,https://data.cityofnewyork.us/resource/rbx6-tga4.json
2026-01-16,DOB NOW: Build – Approved Permits,Structural,PROSPECT PARK SOUTH WEST,BROOKLYN,KINGS AND QUEENS MAINTENANCE SRVS,https://data.cityofnewyork.us/resource/rbx6-tga4.json
2026-01-16,DOB NOW: Build – Approved Permits,General Construction,63 STREET,BROOKLYN,PR,https://data.cityofnewyork.us/resource/rbx6-tga4.json
2026-01-16,DOB NOW: Build – Approved Permits,General Construction,SANFORD AVENUE,QUEENS,N/A,https://data.cityofnewyork.us/resource/rbx6-tga4.json
2026-01-16,DOB NOW: Build – Approved Permits,Foundation,135 AVENUE,QUEENS,SAMIRA BLOORIAN,https://data.cityofnewyork.us/resource/rbx6-tga4.json
2026-01-16,DOB NOW: Build – Approved Permits,Structural,WILLOUGHBY STREET,BROOKLYN,PR,https://data.cityofnewyork.us/resource/rbx6-tga4.json
2026-01-16,DOB NOW: Build – Approved Permits,General Construction,TILDEN STREET,BRONX,TILDEN TOWERS LL,https://data.cityofnewyork.us/resource/rbx6-tga4.json
2026-01-16,DOB NOW: Build – Approved Permits,Structural,WEST STREET,MANHATTAN,THE MOINIAN GROUP,https://data.cityofnewyork.us/resource/rbx6-tga4.json
2026-01-16,DOB NOW: Build – Approved Permits,General Construction,ELVIRA AVENUE,QUEENS,Not Applicable,https://data.cityofnewyork.us/resource/rbx6-tga4.json
2026-01-16,DOB NOW: Build – Approved Permits,General Construction,WEST BROADWAY,MANHATTAN,COFINANCE INC.,https://data.cityofnewyork.us/resource/rbx6-tga4.json
2026-01-16,DOB NOW: Build – Approved Permits,Structural,DE LAVALL AVENUE,BRONX,NINEDOT ENERGY,https://data.cityofnewyork.us/resource/rbx6-tga4.json
2026-01-16,DOB NOW: Build – Approved Permits,General Construction,WALL STREET,MANHATTAN,NEW YORK STOCK EXCHANGE,https://data.cityofnewyork.us/resource/rbx6-tga4.json
2026-01-16,DOB NOW: Build – Approved Permits,Structural,WEST   57 STREET,MANHATTAN,LEFRAK,https://data.cityofnewyork.us/resource/rbx6-tga4.json
2026-01-16,DOB NOW: Build – Approved Permits,General Construction,WASHINGTON SQUARE NORTH,MANHATTAN,NEW YORK UNIVERSITY,https://data.cityofnewyork.us/resource/rbx6-tga4.json
2026-01-16,DOB NOW: Build – Approved Permits,Construction Fence,WHITLOCK AVENUE,BRONX,"RYTY HOME BUILDERS, LLC",https://data.cityofnewyork.us/resource/rbx6-tga4.json
2026-01-16,DOB NOW: Build – Approved Permits,Structural,HOMECREST AVENUE,BROOKLYN,PR,https://data.cityofnewyork.us/resource/rbx6-tga4.json
2026-01-16,DOB NOW: Build – Approved Permits,General Construction,WEST   12 STREET,MANHATTAN,ORSID NEW YORK,https://data.cityofnewyork.us/resource/rbx6-tga4.json
2026-01-16,DOB NOW: Build – Approved Permits,Structural,MAPLE STREET,BROOKLYN,Not Applicable,https://data.cityofnewyork.us/resource/rbx6-tga4.json
2026-01-16,DOB NOW: Build – Approved Permits,Structural,GRAND CONCOURSE,BRONX,BESYATA INVESTMENT GROUP,https://data.cityofnewyork.us/resource/rbx6-tga4.json
2026-01-16,DOB NOW: Build – Approved Permits,Structural,WEST 19 STREET,MANHATTAN,"ROUNDSQUARE DEVELOPMENT, LLC",https://data.cityofnewyork.us/resource/rbx6-tga4.json
2026-01-16,DOB NOW: Build – Approved Permits,General Construction,HOWARD AVENUE,STATEN ISLAND,PR,https://data.cityofnewyork.us/resource/rbx6-tga4.json
2026-01-16,DOB NOW: Build – Approved Permits,General Construction,ELDRIDGE STREET,MANHATTAN,GEORGE LAU,https://data.cityofnewyork.us/resource/rbx6-tga4.json
2026-01-16,DOB NOW: Build – Approved Permits,General Construction,WEST  113 STREET,MANHATTAN,CHABAD WEST SIDE/CHABAD AT COLUMBIA,https://data.cityofnewyork.us/resource/rbx6-tga4.json
2026-01-16,DOB NOW: Build – Approved Permits,Structural,142 STREET,QUEENS,PR,https://data.cityofnewyork.us/resource/rbx6-tga4.json
2026-01-16,DOB NOW: Build – Approved Permits,Structural,125 AVENUE,QUEENS,155 DEVELOPERS LLC,https://data.cityofnewyork.us/resource/rbx6-tga4.json
2026-01-16,DOB NOW: Build – Approved Permits,General Construction,251 STREET,QUEENS,Not Applicable,https://data.cityofnewyork.us/resource/rbx6-tga4.json
2026-01-16,DOB NOW: Build – Approved Permits,General Construction,12 STREET,QUEENS,ALL AMERICAN SCHOOL BUS CORP.,https://data.cityofnewyork.us/resource/rbx6-tga4.json
2026-01-16,DOB NOW: Build – Approved Permits,General Construction,BRONXDALE AVENUE,BRONX,PR,https://data.cityofnewyork.us/resource/rbx6-tga4.json
2026-01-16,DOB NOW: Build – Approved Permits,Foundation,NORTH    6 STREET,BROOKLYN,L3 CAPITAL LLC,https://data.cityofnewyork.us/resource/rbx6-tga4.json
2026-01-16,DOB NOW: Build – Approved Permits,General Construction,JEROME AVENUE,BRONX,PRIME ROK REAL ESTATE,https://data.cityofnewyork.us/resource/rbx6-tga4.json
2026-01-16,DOB NOW: Build – Approved Permits,General Construction,OLINVILLE AVENUE,BRONX,Not Applicable,https://data.cityofnewyork.us/resource/rbx6-tga4.json
2026-01-16,DOB NOW: Build – Approved Permits,General Construction,EAST   70 STREET,MANHATTAN,Douglas Elliman Property Management,https://data.cityofnewyork.us/resource/rbx6-tga4.json
2026-01-16,DOB NOW: Build – Approved Permits,General Construction,WEST END AVENUE,MANHATTAN,PR,https://data.cityofnewyork.us/resource/rbx6-tga4.json
2026-01-16,DOB NOW: Build – Approved Permits,Structural,EAST  226 STREET,BRONX,Not Applicable,https://data.cityofnewyork.us/resource/rbx6-tga4.json
2026-01-16,DOB NOW: Build – Approved Permits,Structural,239 STREET,QUEENS,Not Applicable,https://data.cityofnewyork.us/resource/rbx6-tga4.json
2026-01-16,DOB NOW: Build – Approved Permits,General Construction,MYRTLE AVENUE,BROOKLYN,Chaim Friedman,https://data.cityofnewyork.us/resource/rbx6-tga4.json
2026-01-16,DOB NOW: Build – Job Application Filings,ALT-CO - New Building with Existing Elements to Remain,136 STREET,QUEENS,PR,https://data.cityofnewyork.us/resource/w9ak-ipjd.json
2026-01-16,DOB NOW: Build – Job Application Filings,New Building,SPARROW WAY,BROOKLYN,DOUGLASTON DEVELOPMENT,https://data.cityofnewyork.us/resource/w9ak-ipjd.json
2026-01-16,The Real Deal,https://therealdeal.com/brand-studio/,,,Two Roads Development; The Real Deal is a registered Trademark of Korangy Publishing Inc,https://therealdeal.com/brand-studio/
2026-01-16,The Real Deal,Terms and Conditions for Subscriptions,,,The Real Deal LLC; Company does not issue refunds. The Company; Company. These Terms do not grant any rights to use the Company,https://therealdeal.com/terms-and-conditions-for-data-use/
2026-01-16,The Real Deal,"Real news, delivered straight to you",,,The Real Deal is a registered Trademark of Korangy Publishing Inc,https://therealdeal.com/newsletters/
2026-01-16,The Real Deal,https://therealdeal.com/data/,,,The Real Deal is a registered Trademark of Korangy Publishing Inc,https://therealdeal.com/data/
2026-01-16,The Real Deal,Latest stories,,,The Real Deal is a registered Trademark of Korangy Publishing Inc,https://therealdeal.com/latest/
2026-01-16,The Real Deal,https://therealdeal.com/databook-2025-digital/,,,The Real Deal is a registered Trademark of Korangy Publishing Inc,https://therealdeal.com/databook-2025-digital/
